tournament,tournament_id,date,player1,player2,player1_odd,player2_odd,aces_player1,acesTotal_player1,doubleFaultsCount_player1,firstServe_player1,firstServeOf_player1,firstServePercentage_player1,winningOnFirstServe_player1,winningOnFirstServeOf_player1,winningOnFirstServePercentage_player1,winningOnSecondServe_player1,winningOnSecondServeOf_player1,winningOnSecondServePercentage_player1,returnPtsWin_player1,returnPtsWinOf_player1,returnPtsWinPercentage_player1,breakPointsConverted_player1,breakPointsConvertedOf_player1,breakpointsWonPercentage_player1,bestOfThreeWon_player1,bestOfThreeWonPercentage_player1,bestOfThreeCount_player1,bestOfFiveWon_player1,bestOfFiveWonPercentage_player1,bestOfFiveCount_player1,firstSetWinMatchWin_player1,firstSetWinMatchWinPercentage_player1,firstSetWinMatchLose_player1,firstSetWinMatchLosePercentage_player1,firstSetLoseMatchWin_player1,firstSetLoseMatchWinPercentage_player1,firstSetWinCount_player1,firstSetLoseCount_player1,decidingSetWin_player1,decidingSetCount_player1,decidingSetWinPercentage_player1,tiebreakWon_player1,tiebreakCount_player1,totalTBWinPercentage_player1,avgOppRank_player1,ytdWon_player1,ytdLost_player1,totalDoubleFaultsCount_player1,aces_player2,acesTotal_player2,doubleFaultsCount_player2,firstServe_player2,firstServeOf_player2,firstServePercentage_player2,winningOnFirstServe_player2,winningOnFirstServeOf_player2,winningOnFirstServePercentage_player2,winningOnSecondServe_player2,winningOnSecondServeOf_player2,winningOnSecondServePercentage_player2,returnPtsWin_player2,returnPtsWinOf_player2,returnPtsWinPercentage_player2,breakPointsConverted_player2,breakPointsConvertedOf_player2,breakpointsWonPercentage_player2,bestOfThreeWon_player2,bestOfThreeWonPercentage_player2,bestOfThreeCount_player2,bestOfFiveWon_player2,bestOfFiveWonPercentage_player2,bestOfFiveCount_player2,firstSetWinMatchWin_player2,firstSetWinMatchWinPercentage_player2,firstSetWinMatchLose_player2,firstSetWinMatchLosePercentage_player2,firstSetLoseMatchWin_player2,firstSetLoseMatchWinPercentage_player2,firstSetWinCount_player2,firstSetLoseCount_player2,decidingSetWin_player2,decidingSetCount_player2,decidingSetWinPercentage_player2,tiebreakWon_player2,tiebreakCount_player2,totalTBWinPercentage_player2,avgOppRank_player2,ytdWon_player2,ytdLost_player2,totalDoubleFaultsCount_player2,hg1,ag1,hg2,ag2,hg3,ag3,hg4,ag4,hg5,ag5,status
M15 Jakarta,18885,2023-06-28T09:00:00.000Z,Raghav Jaisinghani,Bharath Nishok Kumaran,1.86,1.86,0.11,16,0.2,474,715,66,287,474,61,116,241,48,312,709,44,36,74,49,6,43,14,0,0,0,5,83,1,17,1,13,6,8,1,4,25,1,2,50,0,6,8,29,0.21,47,0.21,570,987,58,370,570,65,200,417,48,406,1016,40,45,100,45,11,48,23,0,0,0,8,89,1,11,3,21,9,14,3,5,60,2,3,67,78.13,11,12,48,3,6,2,6,,,,,,,played
M25 Netanya,18871,2023-06-28T09:30:00.000Z,Aaron Cohen,Thomas Fancutt,4.45,1.17,0.07,11,0.16,196,339,58,129,196,66,73,143,51,171,364,47,22,45,49,8,57,14,0,0,0,7,70,3,30,1,17,10,6,2,5,40,0,1,0,0,8,8,25,0.78,269,0.3,1299,2087,62,974,1299,75,408,788,52,774,2159,36,72,167,43,20,69,29,0,0,0,13,93,1,7,7,44,14,16,12,13,92,6,12,50,246.97,20,10,104,6,4,7,6,,,,,,,played
M25 Netanya,18871,2023-06-28T09:30:00.000Z,Demetris Azoides,Orel Kimhi,4.333,1.178,0.67,6,0.56,35,67,52,25,35,71,13,32,41,25,74,34,0,10,0,0,0,1,0,0,0,0,0,0,0,0,0,0,1,0,0,0,0,0,0,751,0,1,5,0.14,39,0.13,1023,1530,67,643,1023,63,266,507,52,695,1575,44,91,177,51,16,59,27,0,0,0,14,93,1,7,2,17,15,12,6,9,67,1,4,25,183.3,16,11,36,6,7,3,6,,,,,,,played
M25 Netanya,18871,2023-06-28T09:30:00.000Z,Eyal Shumilov,Roi Ginat,2.69,1.41,0.09,4,0.34,126,203,62,88,126,70,36,77,47,75,198,38,6,15,40,3,75,4,0,0,0,2,100,0,0,1,50,2,2,1,1,100,1,1,100,0,3,1,16,0.06,2,0.45,45,100,45,29,45,64,22,55,40,34,106,32,2,4,50,0,0,3,0,0,0,0,0,0,0,0,0,0,3,0,1,0,0,0,0,203.33,0,3,14,7,5,4,6,3,6,,,,,played
M25 Netanya,18871,2023-06-28T09:30:00.000Z,Sahar Simon,Boris Pokotilov,2.59,1.44,0.24,17,0.23,304,504,60,186,304,61,96,200,48,150,452,33,11,29,38,2,29,7,0,0,0,2,100,0,0,0,0,2,5,2,2,100,1,1,100,194,2,5,16,0.42,55,0.31,336,611,55,243,336,72,128,275,47,210,600,35,15,43,35,7,58,12,0,0,0,7,88,1,13,0,0,8,4,2,3,67,3,5,60,240.33,7,5,40,2,6,4,6,,,,,,,played
M15 Belgrade,18880,2023-06-28T10:00:00.000Z,Edoardo Zanada,Ergi Kirkin,5.8,1.102,0.04,3,0.23,159,265,60,95,159,60,52,106,49,142,298,48,17,42,40,4,67,6,0,0,0,3,100,0,0,1,33,3,3,2,2,100,2,2,100,110.67,4,2,16,0.2,69,0.22,1073,1954,55,714,1073,67,438,881,50,911,2027,45,114,260,44,19,61,31,2,100,2,16,89,2,11,5,33,18,15,6,9,67,4,8,50,224.55,21,12,75,6,7,6,7,,,,,,,played
M15 Belgrade,18880,2023-06-28T10:00:00.000Z,Leonardo Aboian,Zoran Ludoski,1.05,7.8,0.29,68,0.14,872,1453,60,575,872,66,296,581,51,561,1424,39,60,140,43,12,55,22,0,0,0,10,77,3,23,2,22,13,9,3,8,38,5,7,71,232.45,12,10,32,0.08,5,0.18,220,333,66,131,220,60,46,113,41,100,295,34,9,27,33,3,43,7,0,0,0,3,75,1,25,0,0,4,3,0,1,0,1,1,100,282,3,4,12,6,2,6,4,,,,,,,played
M15 Belgrade,18880,2023-06-28T10:00:00.000Z,Luka Petrovic,Andrej Nedic,4.75,1.15,0.22,18,0.18,205,371,55,140,205,68,90,166,54,177,380,47,27,44,61,6,67,9,0,0,0,6,86,1,14,0,0,7,2,0,1,0,0,0,0,0,6,3,15,0.06,22,0.08,1178,1691,70,747,1178,63,266,513,52,800,1712,47,111,211,53,30,77,39,0,0,0,27,93,2,7,3,30,29,10,7,10,70,2,5,40,157.85,30,9,29,2,6,2,6,,,,,,,played
M15 Belgrade,18880,2023-06-28T10:00:00.000Z,Stefan Latinovic,Luka Pavlovic,3.42,1.27,0.31,8,0.19,56,116,48,41,56,73,33,60,55,76,165,46,7,23,30,2,100,2,0,0,0,2,100,0,0,0,0,2,0,1,1,100,1,1,100,0,2,0,5,0.5,102,0.26,581,1035,56,436,581,75,243,454,54,511,1140,45,65,147,44,15,79,19,0,0,0,13,81,2,13,2,50,16,4,4,6,67,5,7,71,158.2,16,4,54,6,3,3,6,4,6,,,,,played
M15 Bergamo,18877,2023-06-28T10:30:00.000Z,Federico Iannaccone,Adam Jurajda,1.159,4.6,0.08,30,0.2,1829,2435,75,1136,1829,62,302,606,50,1182,2515,47,173,340,51,24,65,37,0,0,0,23,85,3,11,2,17,27,12,4,11,36,2,6,33,165.23,25,14,76,0.19,35,0.1,399,647,62,282,399,71,116,248,47,252,640,39,27,63,43,10,63,16,0,0,0,8,80,2,20,2,33,10,6,2,4,50,3,6,50,54.25,10,6,19,7,5,6,1,,,,,,,played
M15 Bergamo,18877,2023-06-28T10:30:00.000Z,Leonardo Rossi,Luciano Carraro,1.47,2.5,0.19,78,0.19,1430,2316,62,965,1430,67,437,886,49,924,2271,41,98,236,42,24,63,38,0,0,0,24,96,1,4,1,7,25,14,6,10,60,10,16,63,185.92,25,14,80,0.14,3,0.23,79,118,67,60,79,76,17,39,44,68,129,53,9,16,56,2,100,2,0,0,0,1,100,0,0,1,100,1,1,1,1,100,0,1,0,0,2,0,5,7,5,6,2,,,,,,,played
M15 Wroclaw,18884,2023-06-28T11:00:00.000Z,Adam Majchrzak,Michal Mikula,6.2,1.088,0,0,0,0,0,0,0,0,0,0,0,0,0,0,0,0,0,0,0,0,0,0,0,0,0,0,0,0,0,0,0,0,0,0,0,0,0,0,0,0,0,0,0.15,34,0.22,837,1212,69,529,837,63,167,375,45,455,1070,43,58,118,49,13,59,22,0,0,0,12,80,3,20,1,14,15,7,2,6,33,1,5,20,44.68,13,9,50,2,6,3,6,,,,,,,played
M25 Bourg-en-Bresse,18872,2023-06-28T11:00:00.000Z,Adrien Burdet,Pierre Delage,2.06,1.68,0.24,21,0.22,271,442,61,183,271,68,89,171,52,190,458,41,21,63,33,7,78,9,0,0,0,6,100,0,0,1,33,6,3,1,1,100,2,5,40,99.22,7,2,19,0.51,134,0.31,730,1243,59,496,730,68,221,513,43,398,1148,35,39,86,45,12,44,27,0,0,0,11,92,1,8,1,7,12,15,2,6,33,0,3,0,166.22,12,15,82,6,4,6,1,,,,,,,played
M25 Bourg-en-Bresse,18872,2023-06-28T11:00:00.000Z,Alexandre Ruscica,Maxime Chazal,8.5,1.039,0.17,15,0.2,183,298,61,104,183,57,43,115,37,128,312,41,13,24,54,0,0,7,0,0,0,0,0,1,100,0,0,1,6,0,3,0,0,1,0,103.57,0,0,17,0.26,137,0.19,2147,3438,62,1435,2147,67,677,1291,52,1395,3274,43,178,378,47,33,65,51,0,0,0,29,88,4,12,4,22,33,18,9,15,60,3,9,33,327.86,33,18,97,4,6,5,7,,,,,,,played
M25 Netanya,18871,2023-06-28T11:00:00.000Z,Alon Elia,Filip Peliwo,3.94,1.21,0.01,1,0.07,153,252,61,90,153,59,52,99,53,115,244,47,15,26,58,4,80,5,0,0,0,3,100,0,0,1,50,3,2,3,3,100,0,0,0,0,4,1,5,0.38,126,0.28,1340,2215,60,884,1340,66,422,875,48,818,2120,39,93,222,42,15,45,33,0,0,0,13,93,1,7,4,18,14,22,5,6,83,4,12,33,243.56,17,19,92,1,6,1,6,,,,,,,played
M15 Wroclaw,18884,2023-06-28T11:00:00.000Z,Aristotelis Thanos,Peter Benjamin Privara,3.22,1.3,0.47,17,0.58,140,242,58,99,140,71,45,102,44,115,232,50,19,35,54,3,75,4,0,0,0,3,100,0,0,0,0,3,1,0,0,0,1,2,50,0,3,1,21,0.27,90,0.56,1244,2168,57,833,1244,67,403,924,44,824,2008,41,102,200,51,12,43,28,2,100,2,10,59,6,35,3,23,17,13,2,9,22,3,12,25,223.87,14,16,188,4,6,2,6,,,,,,,played
M25 Arlon,18873,2023-06-28T11:00:00.000Z,Boris Fassbender,Sebastian Fanselow,3.1,1.32,0.02,1,0.02,117,155,75,76,117,65,22,38,58,54,147,37,4,13,31,2,50,4,0,0,0,2,100,0,0,0,0,2,2,1,3,33,1,1,100,159.5,2,2,1,0.28,141,0.24,1865,3133,60,1252,1865,67,622,1268,49,1329,3202,42,142,359,40,26,59,44,0,0,0,21,81,5,19,5,28,26,18,11,20,55,5,7,71,248.5,26,18,121,2,6,3,6,,,,,,,played
M25 Netanya,18871,2023-06-28T11:00:00.000Z,Duarte Vale,Lior Goldenberg,1.06,7.3,0.14,53,0.26,1694,2592,65,1111,1694,66,437,898,49,1003,2405,42,115,255,45,19,58,33,0,0,0,18,82,4,18,1,8,22,12,4,12,33,9,13,69,200.79,20,14,98,0.04,8,0.15,402,642,63,232,402,58,102,240,43,289,631,46,37,66,56,12,60,20,1,100,1,11,85,2,15,2,25,13,8,3,6,50,0,2,0,41.19,13,8,32,6,4,4,6,6,3,,,,,played
M25 Netanya,18871,2023-06-28T11:00:00.000Z,Fons Van Sambeek,Noah Schachter,2.47,1.48,0.16,21,0.17,363,592,61,248,363,68,122,229,53,262,561,47,37,61,61,8,67,12,0,0,0,8,80,2,20,0,0,10,2,0,3,0,1,2,50,55.5,8,4,22,0.26,37,0.28,386,641,60,280,386,73,124,255,49,258,574,45,37,70,53,12,80,15,0,0,0,10,100,0,0,2,40,10,5,2,2,100,2,2,100,119.87,12,3,39,4,6,1,6,,,,,,,played
M15 Wroclaw,18884,2023-06-28T11:00:00.000Z,Jasza Szajrych,Marc Antoine Gaillard,2.14,1.63,0.1,19,0.18,371,679,55,227,371,61,130,308,42,301,719,42,32,84,38,9,47,19,0,0,0,9,90,1,10,0,0,10,9,1,3,33,1,2,50,96.68,9,10,33,0.19,43,0.18,609,949,64,412,609,68,170,340,50,397,1012,39,35,87,40,10,50,20,0,0,0,9,100,0,0,1,9,9,11,2,5,40,1,2,50,70.65,10,10,41,7,6,6,3,,,,,,,played
M25 Arlon,18873,2023-06-28T11:00:00.000Z,Lars Johann,Chris Rodesch,9.7,1.023,0.11,3,0.41,69,121,57,48,69,70,25,52,48,71,129,55,11,24,46,2,67,3,0,0,0,2,100,0,0,0,0,2,1,0,0,0,0,0,0,0,2,1,11,0.19,10,0.17,254,374,68,182,254,72,61,120,51,152,345,44,20,44,45,4,80,5,0,0,0,3,75,1,25,1,100,4,1,1,2,50,0,1,0,101.6,4,1,9,2,6,7,6,1,6,,,,,played
M25 Arlon,18873,2023-06-28T11:00:00.000Z,Louis Wessels,John Sperle,1.24,3.65,0.44,148,0.38,1404,2256,62,982,1404,70,390,852,46,802,2177,37,67,165,41,10,34,29,0,0,1,10,67,5,33,0,0,15,15,3,11,27,4,10,40,278.63,10,20,126,0.07,22,0.1,847,1266,67,521,847,62,204,419,49,590,1278,46,86,147,59,22,67,33,0,0,0,20,100,0,0,2,15,20,13,4,8,50,3,5,60,108.91,22,11,35,6,1,5,7,6,3,,,,,played
M25 Bakio,18874,2023-06-28T11:00:00.000Z,Lucas Poullain,John Echeverria,1.4,2.73,0.09,54,0.1,2534,3648,69,1711,2534,68,563,1114,51,1651,3706,45,212,439,48,39,76,51,0,0,0,34,92,3,8,6,40,37,15,11,18,61,12,18,67,243.35,40,12,56,0.23,73,0.17,1267,2140,59,858,1267,68,442,873,51,950,2163,44,118,257,46,21,70,30,1,100,1,18,100,0,0,4,31,18,13,6,6,100,3,11,27,206.61,22,9,56,7,5,7,6,,,,,,,played
M25 Netanya,18871,2023-06-28T11:00:00.000Z,Maksim Shin,Jordan Hasson,2.34,1.533,0.09,16,0.19,443,682,65,270,443,61,108,239,45,333,767,43,37,95,39,7,47,15,0,0,0,5,83,1,17,2,22,6,9,3,6,50,1,4,25,48.13,7,8,35,0.18,2,0.18,50,71,70,35,50,70,9,21,43,22,70,31,1,3,33,0,0,1,0,0,0,0,0,0,0,0,0,0,1,0,0,0,0,1,0,0,0,1,2,4,6,6,3,2,6,,,,,played
M25 Bourg-en-Bresse,18872,2023-06-28T11:00:00.000Z,Matteo Martineau,Antoine Walch,1.041,8.4,0.6,257,0.26,1653,2594,64,1213,1653,73,490,941,52,1025,2768,37,89,254,35,21,54,39,0,0,0,20,87,3,13,1,6,23,17,5,11,45,9,14,64,225.97,21,19,112,0.44,11,0.36,65,105,62,53,65,82,14,40,35,42,109,39,5,10,50,2,67,3,0,0,0,2,100,0,0,0,0,2,1,0,0,0,0,0,0,0,2,1,9,7,5,6,1,,,,,,,played
M15 Celje,18878,2023-06-28T11:00:00.000Z,Matthias Ujvary,Vito Tonejc,1.88,1.83,0.09,16,0.14,511,886,58,319,511,62,167,375,45,379,906,42,42,89,47,7,41,17,0,0,0,8,100,0,0,0,0,8,10,3,4,75,1,3,33,260.39,8,10,27,0.23,72,0.09,1135,1660,68,725,1135,64,289,525,55,650,1676,39,60,172,35,16,57,28,0,0,0,15,94,1,6,2,15,16,13,4,9,44,3,5,60,159.83,16,13,28,4,6,3,6,,,,,,,played
M25 Bakio,18874,2023-06-28T11:00:00.000Z,Noah Lopez,Robin Bertrand,4.45,1.171,0.09,37,0.12,1019,1620,63,617,1019,61,289,601,48,694,1653,42,83,184,45,25,61,41,0,0,0,25,96,1,4,2,12,26,17,4,6,67,5,8,63,142.51,27,16,48,0.18,90,0.3,2158,3319,65,1361,2158,63,584,1160,50,1485,3420,43,179,407,44,25,57,44,0,0,0,17,77,5,23,8,36,22,22,13,25,52,7,12,58,209.43,25,19,155,4,6,6,1,6,4,,,,,played
M25 Netanya,18871,2023-06-28T11:00:00.000Z,Ofek Shimanov,Trey Hilderbrand,3.15,1.31,0.2,8,0.33,142,269,53,92,142,65,65,127,51,131,275,48,19,41,46,3,75,4,0,0,0,3,75,1,25,0,0,4,0,0,1,0,0,0,0,120.25,3,1,13,0.28,28,0.17,232,359,65,166,232,72,61,127,48,149,358,42,17,35,49,5,63,8,0,0,0,4,80,1,20,1,33,5,3,1,3,33,0,0,0,0,5,3,17,4,6,7,5,6,3,,,,,played
M15 Wroclaw,18884,2023-06-28T11:00:00.000Z,Tomas Jirousek,Dali Blanch,2.94,1.35,0.08,2,0.17,34,55,62,23,34,68,7,21,33,17,55,31,1,5,20,2,67,3,0,0,0,2,100,0,0,0,0,2,1,0,0,0,0,0,0,222.67,2,1,4,0.25,75,0.18,789,1282,62,541,789,69,242,493,49,527,1338,39,54,129,42,19,61,31,0,0,0,17,85,3,15,2,18,20,11,3,6,50,1,2,50,130.45,19,12,53,0,6,3,6,,,,,,,played
M25 Netanya,18871,2023-06-28T11:00:00.000Z,Tuncay Duran,Yshai Oliel,5.05,1.133,0.16,52,0.18,906,1419,64,594,906,66,269,513,52,595,1476,40,59,163,36,19,66,29,0,0,0,17,89,2,11,2,18,19,11,6,9,67,4,6,67,95.47,19,11,60,0.18,69,0.16,1399,2162,65,930,1399,66,399,763,52,976,2269,43,124,274,45,21,55,38,0,0,0,20,87,3,13,2,13,23,16,2,8,25,4,11,36,196.87,22,17,59,6,7,4,6,,,,,,,played
M15 Belgrade,18880,2023-06-28T11:30:00.000Z,Aleksa Pisaric,Aleksa Mardjonovic,4.75,1.15,0.29,30,0.21,372,674,55,234,372,63,140,302,46,243,700,35,13,47,28,0,0,10,0,0,0,0,0,0,0,0,0,0,10,0,3,0,1,3,33,359.2,0,10,22,0.06,9,0.19,275,534,51,164,275,60,127,259,49,252,512,49,35,70,50,12,86,14,0,0,0,9,100,0,0,3,60,9,5,3,4,75,2,2,100,80.5,12,2,28,6,4,4,6,3,6,,,,,played
M15 Belgrade,18880,2023-06-28T11:30:00.000Z,Petar Jovanovic,Bogdan Bobrov,2.375,1.52,0.26,18,0.12,197,316,62,141,197,72,63,119,53,142,308,46,22,43,51,6,86,7,0,0,0,6,100,0,0,0,0,6,1,1,1,100,1,1,100,67.14,6,1,8,0.41,217,0.11,2006,3340,60,1392,2006,69,658,1334,49,1393,3448,40,151,380,40,28,58,48,0,0,0,23,82,5,18,6,29,28,21,7,14,50,11,18,61,257.12,29,20,56,5,7,6,7,,,,,,,played
Modena Challenger,18819,2023-06-28T11:30:00.000Z,Renzo Olivo,Gianmarco Ferrari,1.53,2.38,0.17,65,0.37,1551,2474,63,1038,1551,67,429,923,46,1011,2548,40,104,253,41,16,46,35,0,0,0,15,79,4,21,1,6,19,16,4,12,33,6,7,86,354.51,16,19,139,0.41,165,0.25,1422,2421,59,1007,1422,71,533,999,53,968,2494,39,96,233,41,18,50,36,0,0,0,13,76,4,24,5,26,17,19,5,12,42,6,18,33,283.36,18,18,100,3,6,4,6,,,,,,,played
M15 Belgrade,18880,2023-06-28T11:30:00.000Z,Vlad Andrei Dancu,Ilya Snitari,3.34,1.28,0.27,84,0.17,1011,1764,57,676,1011,67,367,753,49,720,1760,41,71,160,44,17,59,29,0,0,0,14,93,1,7,3,21,15,14,6,9,67,7,8,88,174.97,17,12,54,0.28,41,0.18,576,973,59,386,576,67,198,397,50,390,954,41,40,94,43,8,53,15,0,0,0,7,78,2,22,1,14,9,7,1,3,33,3,3,100,90.38,8,8,26,6,3,3,6,6,4,,,,,played
M15 Casablanca,18883,2023-06-28T12:00:00.000Z,Adam Moundir,Pietro Orlando Fellin,1.25,3.56,0.13,30,0.31,758,1333,57,484,758,64,265,575,46,537,1281,42,65,136,48,8,38,21,0,0,0,6,55,5,45,2,20,11,10,2,7,29,1,6,17,211,8,13,72,0.03,2,0.05,29,48,60,23,29,79,7,19,37,42,78,54,6,11,55,5,83,6,0,0,0,4,100,0,0,1,50,4,2,2,2,100,0,0,0,0,5,1,3,7,6,6,3,,,,,,,played
M15 Alkmaar,18879,2023-06-28T12:00:00.000Z,Alec Deckers,Paul Woerner,1.188,4.2,1.01,107,0.4,403,676,60,307,403,76,140,273,51,253,732,35,10,60,17,5,56,9,0,0,0,3,100,0,0,2,33,3,6,2,3,67,7,7,100,115.67,5,4,42,0.08,21,0.33,738,1134,65,426,738,58,140,396,35,517,1147,45,61,148,41,11,46,24,0,0,0,8,100,0,0,3,19,8,16,7,8,88,1,3,33,157.42,11,13,83,6,4,6,2,,,,,,,played
M15 Celje,18878,2023-06-28T12:00:00.000Z,Alexander Donski,Pawel Cias,2.59,1.44,0.5,126,0.43,904,1628,56,635,904,70,329,724,45,583,1516,38,52,140,37,9,43,21,0,0,0,8,89,1,11,3,21,9,14,6,8,75,3,9,33,308.17,11,12,108,0.27,68,0.17,882,1568,56,585,882,66,349,686,51,658,1530,43,88,178,49,18,67,27,0,0,0,15,94,1,6,4,33,16,12,4,5,80,3,4,75,83.29,19,9,43,5,7,4,6,,,,,,,played
M15 Casablanca,18883,2023-06-28T12:00:00.000Z,Alexander Orlov,Alejandro Manzanera Pertusa,3.84,1.22,0.15,25,0.11,444,622,71,283,444,64,82,178,46,230,589,39,24,50,48,6,43,14,0,0,0,7,78,2,22,0,0,9,6,1,4,25,1,2,50,108.33,7,8,19,0.18,61,0.13,1201,1824,66,770,1201,64,324,623,52,791,1854,43,93,202,46,24,73,33,0,0,0,22,96,1,4,2,20,23,10,6,9,67,4,5,80,164.64,24,9,44,5,7,6,4,0,6,,,,,played
M15 Celje,18878,2023-06-28T12:00:00.000Z,Buvaysar Gadamauri,Andrin Casanova,1.115,5.45,0.09,23,0.16,895,1350,66,580,895,65,230,455,51,638,1428,45,78,174,45,18,69,26,0,0,0,16,100,0,0,3,27,16,11,5,7,71,1,2,50,160.78,19,8,40,0.15,34,0.23,472,891,53,304,472,64,199,419,47,315,865,36,23,66,35,7,33,21,0,0,0,7,88,1,13,0,0,8,13,1,4,25,5,6,83,74.43,7,14,51,3,6,6,1,6,1,,,,,played
M15 Bergamo,18877,2023-06-28T12:00:00.000Z,Giulio Colacioppo,Luigi Castelletti,1.53,2.34,0.04,1,0.4,90,166,54,48,90,53,32,76,42,100,178,56,18,30,60,2,67,3,0,0,0,2,100,0,0,0,0,2,1,0,0,0,0,0,0,0,2,1,10,0.04,7,0.09,96,177,54,58,96,60,34,81,42,65,192,34,5,18,28,6,38,16,0,0,0,5,100,0,0,1,9,5,11,1,2,50,2,4,50,7.56,6,10,14,6,1,4,6,3,6,,,,,played
M15 Kamen,18881,2023-06-28T12:00:00.000Z,Lambert Ruland,Hynek Barton,6.4,1.082,0,0,0,0,0,0,0,0,0,0,0,0,0,0,0,0,0,0,0,0,0,0,0,0,0,0,0,0,0,0,0,0,0,0,0,0,0,0,0,0,0,0,0.53,157,0.25,991,1734,57,712,991,72,375,743,50,686,1781,39,71,178,40,16,57,28,0,0,0,14,78,4,22,2,20,18,10,3,7,43,2,5,40,279.57,16,12,75,5,7,3,6,,,,,,,played
M15 Kamen,18881,2023-06-28T12:00:00.000Z,Mariano Dedura-Palomero,Anthony Genov,2.28,1.56,0.01,1,0.09,61,109,56,32,61,52,25,48,52,44,99,44,5,9,56,7,70,10,0,0,0,6,100,0,0,1,25,6,4,2,3,67,2,3,67,0,7,3,10,0.03,5,0.15,373,558,67,213,373,57,87,185,47,271,616,44,32,89,36,13,68,19,0,0,0,12,92,1,8,1,17,13,6,1,2,50,0,0,0,62.16,13,6,27,6,2,6,4,,,,,,,played
M15 Casablanca,18883,2023-06-28T12:00:00.000Z,Mario Gonzalez Fernandez,Lorenzo Carboni,1.5,2.42,0.12,46,0.3,1359,2087,65,849,1359,62,353,728,48,996,2196,45,126,270,47,21,62,34,0,0,0,20,80,5,20,2,20,25,10,5,13,38,2,6,33,69.26,22,13,117,0.04,10,0.22,904,1302,69,546,904,60,196,398,49,668,1387,48,93,194,48,17,65,26,1,100,1,17,94,1,6,2,20,18,10,3,6,50,1,3,33,73.61,19,9,59,4,6,6,4,5,2,,,,,played
M15 Alkmaar,18879,2023-06-28T12:00:00.000Z,Michiel De Krom,Adrian Oetzbach,1.193,4.15,0.05,3,0.19,289,399,72,183,289,63,52,110,47,183,387,47,24,57,42,5,83,6,0,0,0,5,100,0,0,0,0,5,1,1,1,100,2,2,100,143.83,5,1,11,0.1,35,0.19,902,1414,64,552,902,61,237,512,46,607,1517,40,52,145,36,14,44,32,0,0,0,12,80,3,20,2,12,15,17,3,9,33,1,3,33,148.38,14,18,64,6,2,4,6,6,1,,,,,played
M15 Kamen,18881,2023-06-28T12:00:00.000Z,Quentin Folliot,Karlo Cubelic,1.4,2.73,0.2,14,0.29,268,428,63,161,268,60,69,160,43,150,397,38,14,38,37,3,38,8,0,0,0,4,100,0,0,0,0,4,6,0,0,0,1,1,100,95.1,3,7,20,0.22,51,0.17,570,901,63,380,570,67,166,331,50,405,946,43,46,110,42,12,52,23,0,0,0,12,92,1,8,0,0,13,10,1,4,25,0,7,0,79.61,12,11,39,2,6,2,6,,,,,,,played
M15 Bergamo,18877,2023-06-28T12:00:00.000Z,Valerio Aboian,Filippo Speziali,1.42,2.66,0.21,69,0.26,1326,2214,60,831,1326,63,399,888,45,1024,2297,45,123,274,45,13,48,27,1,50,2,8,80,2,20,6,32,10,19,8,14,57,4,5,80,380.55,14,15,85,0.06,12,0.24,646,1029,63,396,646,61,187,383,49,485,1080,45,67,137,49,12,60,20,0,0,0,12,80,2,13,0,0,15,6,0,4,0,7,11,64,97.81,12,9,50,6,3,6,3,,,,,,,played
M25 Arlon,18873,2023-06-28T12:30:00.000Z,Alessio Basile,Maxime Mora,3.48,1.26,0,0,0.4,37,64,58,23,37,62,12,27,44,19,61,31,1,3,33,0,0,1,0,0,0,0,0,0,0,0,0,0,1,0,0,0,0,0,0,0,0,1,4,0.24,52,0.23,889,1474,60,542,889,61,278,585,48,585,1384,42,67,155,43,9,41,22,0,0,0,7,88,1,13,2,13,8,15,3,4,75,1,5,20,118.52,10,13,51,4,6,2,6,,,,,,,played
M25 Arlon,18873,2023-06-28T12:30:00.000Z,Alex Knaff,Mathys Erhard,3.32,1.285,0.31,103,0.24,1296,1971,66,889,1296,69,335,675,50,820,1988,41,90,210,43,19,56,34,0,0,0,17,89,2,11,2,13,19,15,3,6,50,4,7,57,161.59,19,15,80,0.16,64,0.22,1798,2674,67,1129,1798,63,439,876,50,1138,2668,43,138,337,41,22,55,40,0,0,0,20,95,1,5,2,11,21,19,5,9,56,2,7,29,255.2,22,18,88,7,6,6,4,,,,,,,played
M25 Netanya,18871,2023-06-28T12:30:00.000Z,Dylan Salton,Kris Van Wyk,8.8,1.034,0,0,0.19,149,232,64,82,149,55,41,83,49,80,231,35,6,16,38,1,14,7,0,0,0,1,100,0,0,0,0,1,7,1,1,100,0,1,0,60.13,1,7,14,0.4,147,0.45,1271,2170,59,933,1271,73,450,899,50,1012,2362,43,111,247,45,20,59,34,0,0,0,19,90,2,10,2,14,21,14,3,9,33,5,13,38,214.74,21,14,163,6,4,2,6,6,4,,,,,played
M25 Netanya,18871,2023-06-28T12:30:00.000Z,Edan Leshem,Martyn Pawelski,2.375,1.52,0.26,89,0.27,1360,2231,61,919,1360,68,424,871,49,899,2277,39,89,247,36,14,47,30,0,0,0,8,62,5,38,6,35,13,17,6,12,50,5,11,45,264.6,14,16,90,0.63,194,0.32,1010,1682,60,777,1010,77,324,672,48,696,1678,41,80,173,46,22,79,28,0,0,0,21,88,3,13,1,25,24,4,3,7,43,9,14,64,185,22,6,98,7,6,6,4,,,,,,,played
M15 Wroclaw,18884,2023-06-28T12:30:00.000Z,Fryderyk Lechno-Wasiutynski,Matthew William Donald,5.15,1.128,0,0,0.63,35,55,64,17,35,49,9,20,45,8,41,20,0,1,0,0,0,1,0,0,0,0,0,0,0,0,0,0,1,0,0,0,0,0,0,571,0,1,5,0.07,18,0.32,818,1241,66,498,818,61,182,423,43,573,1355,42,65,141,46,13,48,27,0,0,0,13,93,1,7,1,7,14,14,1,2,50,1,6,17,126.04,14,14,79,6,4,3,6,4,6,,,,,played
M15 Wroclaw,18884,2023-06-28T12:30:00.000Z,Karol Drzewiecki,Sergey Fomin,2.375,1.52,0.45,37,0.3,359,542,66,252,359,70,77,183,42,205,527,39,24,47,51,4,50,8,0,0,0,4,100,0,0,0,0,4,4,1,3,33,0,1,0,354.13,4,4,25,0.24,68,0.2,1048,1777,59,693,1048,66,343,729,47,728,1754,42,82,188,44,13,46,28,0,0,1,12,80,2,13,2,13,15,15,2,6,33,5,6,83,326.57,14,16,58,3,6,6,2,1,6,,,,,played
M15 Wroclaw,18884,2023-06-28T12:30:00.000Z,Kirill Kivattsev,Maciej Rajski,1.44,2.59,0.44,185,0.25,1582,2450,65,1154,1582,73,464,868,53,945,2588,37,80,228,35,25,66,38,0,0,0,21,95,1,5,4,24,22,17,8,12,67,9,16,56,198.26,25,14,104,0.2,8,0.2,116,183,63,76,116,66,29,67,43,68,159,43,9,13,69,2,50,4,0,0,0,2,67,1,33,0,0,3,1,0,1,0,1,2,50,155,2,2,8,4,6,6,4,6,4,,,,,played
M25 Bourg-en-Bresse,18872,2023-06-28T12:30:00.000Z,Luca Staeheli,Valentin Vacherot,4.65,1.155,0.14,7,0.08,151,215,70,94,151,62,37,64,58,94,210,45,11,26,42,4,80,5,0,0,0,4,80,1,20,0,0,5,0,0,1,0,1,1,100,0,4,1,4,0.33,126,0.15,1549,2285,68,1037,1549,67,401,736,54,995,2461,40,99,292,34,20,59,34,0,0,0,19,86,3,14,2,15,22,13,9,14,64,4,7,57,298.8,21,14,57,1,6,1,6,,,,,,,played
M15 Celje,18878,2023-06-28T12:30:00.000Z,Matej Dodig,Matic Dimic,1.069,6.9,0.19,36,0.22,720,1210,60,477,720,66,270,490,55,556,1224,45,78,153,51,14,74,19,0,0,0,12,86,2,14,2,40,14,5,2,5,40,3,4,75,121.63,14,5,42,0.1,29,0.14,548,916,60,343,548,63,148,368,40,362,865,42,44,81,54,12,48,25,0,0,0,10,100,0,0,2,13,10,15,5,9,56,2,4,50,35.08,12,13,40,6,3,6,4,,,,,,,played
M25 Bourg-en-Bresse,18872,2023-06-28T12:30:00.000Z,Maxence Beauge,Joshua Dous Karpenschif,1.23,3.74,0.51,176,0.18,1466,2284,64,1027,1466,70,385,818,47,871,2215,39,91,195,47,18,55,33,0,0,0,19,95,1,5,0,0,20,14,3,5,60,8,10,80,262.59,19,15,64,0.12,3,0.6,60,120,50,45,60,75,29,60,48,61,130,47,8,19,42,2,100,2,0,0,0,1,100,0,0,1,100,1,1,1,1,100,0,0,0,0,2,0,15,6,1,6,1,,,,,,,played
M15 Celje,18878,2023-06-28T12:30:00.000Z,Roko Horvat,Gal Emersic Potocnik,1.31,3.15,0.08,3,0.65,143,243,59,83,143,58,34,100,34,119,253,47,16,35,46,1,33,3,0,0,0,1,50,1,50,0,0,2,1,1,2,50,1,1,100,0,1,2,24,0.01,1,0.16,191,320,60,108,191,57,53,129,41,95,224,42,13,25,52,5,42,12,0,0,0,4,80,1,20,1,14,5,7,2,4,50,0,0,0,72.25,5,7,21,1,6,3,6,,,,,,,played
M25 Bourg-en-Bresse,18872,2023-06-28T12:30:00.000Z,Ugo Blanchet,Robin Catry,1.121,5.3,0.44,145,0.33,1072,2103,51,785,1072,73,518,1031,50,820,2092,39,90,198,45,17,53,32,0,0,0,16,89,2,11,1,7,18,14,4,8,50,4,8,50,287.91,17,15,109,0.22,14,0.2,175,302,58,120,175,69,72,127,57,138,311,44,21,31,68,3,50,6,0,0,0,2,50,2,50,1,50,4,2,1,3,33,0,0,0,0,3,3,13,6,1,6,7,6,1,,,,,played
M25 Arlon,18873,2023-06-28T12:30:00.000Z,Vladyslav Orlov,Facundo Juarez,2.18,1.61,0.21,76,0.25,1454,2362,62,983,1454,68,475,908,52,950,2335,41,104,222,47,17,50,34,1,100,1,16,89,2,11,2,11,18,18,2,7,29,3,10,30,317.69,18,18,92,0.09,17,0.19,925,1233,75,556,925,60,147,308,48,529,1189,44,74,148,50,9,53,17,0,0,0,8,100,0,0,1,11,8,9,3,5,60,1,4,25,424.41,9,8,34,3,6,2,6,,,,,,,played
M15 Wroclaw,18884,2023-06-28T12:30:00.000Z,Zura Tkemaladze,Stepan Baum,1.42,2.66,0.07,21,0.26,1283,1971,65,801,1283,62,353,688,51,769,1913,40,84,197,43,16,50,32,0,0,0,15,88,2,12,1,7,17,15,3,6,50,4,9,44,153.97,16,16,79,0.11,11,0.1,215,309,70,132,215,61,53,94,56,161,350,46,23,51,45,7,70,10,0,0,0,7,88,1,13,0,0,8,2,0,2,0,2,3,67,57.2,7,3,10,6,3,3,6,6,1,,,,,played
Mallorca Championships - Mallorca,18438,2023-06-28T13:00:00.000Z,Arthur Rinderknech,Constant Lestienne,1.45,2.75,0.7,228,0.26,1298,2047,63,971,1298,75,361,749,48,674,2049,33,47,137,34,10,42,24,1,33,3,9,69,4,31,2,13,13,15,2,6,33,6,15,40,189.14,11,17,85,0.35,104,0.27,1291,2030,64,869,1291,67,321,739,43,706,1908,37,67,169,40,8,42,19,1,33,3,6,67,3,33,3,20,9,15,4,10,40,8,11,73,195.63,9,15,81,6,3,6,2,,,,,,,played
Wimbledon - London,18440,2023-06-28T13:00:00.000Z,Fabian Marozsan,Elias Ymer,1.727,2.05,0.24,115,0.19,2034,3103,66,1434,2034,71,552,1069,52,1243,3117,40,130,339,38,28,62,45,0,0,0,26,87,4,13,2,13,30,15,8,14,57,8,14,57,295.96,28,17,89,0.34,151,0.25,1774,2979,60,1203,1774,68,589,1205,49,1143,2907,39,121,286,42,21,55,38,0,0,1,16,76,5,24,6,30,21,20,7,13,54,9,18,50,255.29,22,19,111,6,3,7,6,,,,,,,played
Wimbledon - London,18440,2023-06-28T13:00:00.000Z,Frederico Ferreira Silva,Emilio Gomez,1.88,1.87,0.27,85,0.17,1261,2111,60,838,1261,66,427,850,50,798,2066,39,72,176,41,12,41,29,0,0,0,11,79,3,21,1,7,14,15,5,9,56,5,12,42,275.83,12,17,55,0.34,122,0.33,1441,2398,60,1012,1441,70,427,957,45,769,2223,35,69,182,38,13,42,31,0,0,0,12,80,3,20,1,6,15,16,6,11,55,10,17,59,232.58,13,18,117,6,2,6,4,,,,,,,played
Rothesay International - Eastbourne,18439,2023-06-28T13:00:00.000Z,Gregoire Barrere,Nicolas Jarry,2.65,1.48,0.3,148,0.21,1972,3252,61,1401,1972,71,689,1280,54,1166,3221,36,98,261,38,23,59,39,0,0,2,18,78,5,22,5,28,23,18,8,14,57,14,27,52,166.12,23,18,105,0.66,312,0.18,1905,2937,65,1463,1905,77,568,1032,55,1113,3061,36,91,224,41,23,72,32,4,67,6,19,95,1,5,8,44,20,18,8,11,73,13,21,62,129.03,27,11,87,6,3,4,6,6,4,,,,,played
M25 Bakio,18874,2023-06-28T13:00:00.000Z,Jaime Faria,Alejandro Garcia,1.171,4.45,0.31,120,0.33,1228,2185,56,818,1228,67,446,957,47,946,2283,41,92,261,35,19,54,35,0,0,0,16,89,2,11,3,18,18,17,8,11,73,3,6,50,311.46,19,16,129,0.25,15,0.08,166,241,69,134,166,81,39,75,52,160,316,51,24,52,46,5,71,7,0,0,0,5,100,0,0,0,0,5,2,0,1,0,0,1,0,0,5,2,5,6,3,0,6,1,6,,,,,played
Wimbledon - London,18440,2023-06-28T13:00:00.000Z,James Duckworth,Harold Mayot,1.57,2.33,0.67,293,0.23,1511,2719,56,1154,1511,76,672,1208,56,1151,2978,39,101,294,34,23,61,38,0,0,0,19,90,2,10,4,24,21,17,8,15,53,7,17,41,313.61,23,15,101,0.46,153,0.27,1319,2209,60,921,1319,70,414,890,47,935,2267,41,102,247,41,15,45,33,0,0,0,15,88,2,12,1,6,17,17,1,7,14,3,10,30,322.68,16,18,91,4,6,4,6,,,,,,,played
Wimbledon - London,18440,2023-06-28T13:00:00.000Z,Laurent Lokoli,Norbert Gombos,2.09,1.7,0.45,194,0.29,1830,2879,64,1268,1830,69,499,1049,48,1157,2917,40,113,283,40,20,57,35,0,0,1,11,73,4,27,9,43,15,21,11,19,58,4,9,44,247.39,20,16,125,0.46,134,0.24,1119,1831,61,816,1119,73,360,712,51,671,1864,36,52,131,40,12,50,24,0,0,0,10,100,0,0,2,14,10,14,7,9,78,7,16,44,264.72,13,12,68,6,3,7,6,,,,,,,played
Wimbledon - London,18440,2023-06-28T13:00:00.000Z,Lucas Pouille,Giulio Zeppieri,1.81,1.95,0.39,95,0.31,928,1681,55,636,928,69,384,753,51,654,1622,40,71,199,36,12,67,18,1,50,2,8,89,1,11,5,42,9,12,5,9,56,3,5,60,260.62,13,8,76,0.45,216,0.18,1911,3097,62,1392,1911,73,637,1186,54,1172,3106,38,114,270,42,25,64,39,1,50,2,22,88,3,12,4,25,25,16,8,16,50,7,16,44,291.37,26,15,87,6,7,6,3,6,3,,,,,played
Wimbledon - London,18440,2023-06-28T13:00:00.000Z,Matteo Arnaldi,Federico Gaio,1.39,2.88,0.36,180,0.27,2036,3405,60,1393,2036,68,689,1369,50,1286,3230,40,129,316,41,29,67,43,1,50,2,23,88,3,12,7,37,26,19,10,16,63,8,10,80,224.36,30,15,138,0.44,247,0.32,2120,3636,58,1544,2120,73,767,1516,51,1509,3726,40,160,380,42,33,67,49,1,100,1,27,93,2,7,7,32,29,22,12,16,75,13,21,62,248.08,34,17,178,7,6,6,4,,,,,,,played
Wimbledon - London,18440,2023-06-28T13:00:00.000Z,Matteo Gigante,Gabriel Diallo,3.84,1.24,0.29,106,0.22,1398,2347,60,959,1398,69,489,949,52,971,2374,41,115,267,43,17,52,33,0,0,0,14,61,8,35,3,25,23,12,5,15,33,6,10,60,300.71,18,17,80,0.6,276,0.2,1982,2875,69,1443,1982,73,474,893,53,1158,2995,39,108,261,41,24,62,39,0,0,0,19,79,5,21,5,31,24,16,7,14,50,8,19,42,278.7,24,16,92,6,4,6,4,,,,,,,played
Wimbledon - London,18440,2023-06-28T13:00:00.000Z,Maximilian Marterer,Gauthier Onclin,1.55,2.375,0.5,157,0.22,1216,2057,59,873,1216,72,444,841,53,663,1922,34,64,148,43,14,52,27,0,0,0,12,75,4,25,2,14,16,14,4,8,50,5,12,42,189.13,14,16,71,0.17,76,0.2,1718,2885,60,1180,1718,69,592,1167,51,1254,2911,43,153,344,44,28,70,40,0,0,0,25,93,2,7,3,23,27,13,8,14,57,5,9,56,226.43,28,12,88,6,2,6,2,,,,,,,played
Wimbledon - London,18440,2023-06-28T13:00:00.000Z,Michael Mmoh,Dragos Nicolae Madaras,1.32,3.24,0.42,92,0.32,876,1392,63,592,876,68,257,516,50,554,1427,39,55,134,41,7,58,12,2,50,4,7,78,2,22,2,25,9,8,4,7,57,4,6,67,136,9,8,69,0.22,156,0.24,2737,4294,64,1878,2737,69,811,1557,52,2116,4355,49,306,615,50,65,87,75,0,0,0,60,97,2,3,7,47,62,15,13,17,76,5,9,56,246.13,67,10,171,3,6,6,1,6,4,,,,,played
Rothesay International - Eastbourne,18439,2023-06-28T13:00:00.000Z,Miomir Kecmanovic,Aleksandar Vukic,1.49,2.62,0.38,151,0.13,1541,2517,61,1060,1541,69,546,976,56,945,2576,37,85,207,41,16,52,31,0,0,2,15,79,4,21,1,7,19,14,3,10,30,10,23,43,107.12,16,17,51,0.64,412,0.13,2418,4062,60,1795,2418,74,910,1644,55,1578,4149,38,148,358,41,37,67,55,0,0,1,32,94,2,6,5,23,34,22,12,18,67,16,30,53,228.38,37,19,87,7,6,6,4,,,,,,,played
Wimbledon - London,18440,2023-06-28T13:00:00.000Z,Pablo Cuevas,Felipe Meligeni Alves,2.35,1.56,0.29,14,0.29,171,288,59,117,171,68,59,117,50,115,309,37,10,24,42,1,25,4,0,0,0,1,50,1,50,0,0,2,2,1,2,50,1,3,33,372.5,1,3,14,0.29,126,0.15,1825,2774,66,1287,1825,71,497,949,52,1124,2945,38,97,265,37,22,56,39,0,0,0,20,83,4,17,2,13,24,15,6,12,50,13,20,65,246.64,22,17,66,4,6,6,7,,,,,,,played
M25 Bakio,18874,2023-06-28T13:00:00.000Z,Pedro Vives Marcos,Sergi Perez Contri,1.86,1.86,0.35,45,0.1,442,695,64,327,442,74,141,253,56,320,758,42,35,89,39,10,77,13,0,0,0,9,100,0,0,1,25,9,4,1,1,100,3,6,50,236,10,3,13,0.08,36,0.45,1657,2605,64,1071,1657,65,422,948,45,1226,2626,47,165,308,54,27,64,42,0,0,0,26,87,4,13,1,8,30,12,2,13,15,7,8,88,293.26,27,15,194,3,6,6,1,7,5,,,,,played
Wimbledon - London,18440,2023-06-28T13:00:00.000Z,Radu Albot,Johannus Monday,1.088,6.8,0.2,94,0.24,1946,3051,64,1344,1946,69,557,1105,50,1192,3041,39,118,288,41,21,53,40,1,50,2,19,95,1,5,4,17,20,23,4,8,50,7,19,37,248.79,23,20,114,0.44,20,0.2,144,236,61,106,144,74,50,92,54,62,213,29,3,6,50,1,25,4,0,0,0,0,0,0,0,1,25,0,4,1,1,100,1,3,33,173,1,3,9,3,6,7,6,6,2,,,,,played
Wimbledon - London,18440,2023-06-28T13:00:00.000Z,Sho Shimabukuro,Toby Samuel,1.533,2.42,0.34,161,0.26,1588,2986,53,1129,1588,71,753,1398,54,1225,3009,41,149,333,45,26,65,40,0,0,0,19,95,1,5,7,35,20,20,15,20,75,3,19,16,271.18,26,14,126,0.46,30,0.22,263,395,67,199,263,76,66,132,50,117,379,31,10,23,43,2,40,5,0,0,0,1,33,2,67,1,50,3,2,1,3,33,2,3,67,242.8,2,3,14,5,7,6,1,6,4,,,,,played
Wimbledon - London,18440,2023-06-28T13:00:00.000Z,Taro Daniel,Luca Nardi,1.285,3.48,0.34,145,0.17,1631,2663,61,1107,1631,68,570,1032,55,1097,2764,40,120,265,45,17,55,31,2,50,4,18,78,5,22,2,15,23,13,7,16,44,5,11,45,172.92,20,16,71,0.24,90,0.23,1619,2567,63,1060,1619,65,482,948,51,933,2474,38,87,237,37,15,45,33,0,0,0,11,85,2,15,4,20,13,20,9,14,64,6,11,55,209,15,18,89,6,3,6,3,,,,,,,played
Rothesay International - Eastbourne,18439,2023-06-28T13:00:00.000Z,Taylor Harry Fritz,Mackenzie Mcdonald,1.31,3.45,0.72,402,0.17,2031,3441,59,1615,2031,80,774,1410,55,1347,3608,37,121,291,42,30,71,42,3,75,4,27,84,5,16,6,43,32,14,7,15,47,16,23,70,82.24,33,13,97,0.47,186,0.2,1533,2407,64,1077,1533,70,450,874,51,1006,2603,39,93,226,41,16,52,31,2,50,4,18,86,3,14,1,7,21,15,3,7,43,5,12,42,141.56,19,17,80,6,7,6,7,,,,,,,played
Modena Challenger,18819,2023-06-28T13:00:00.000Z,Titouan Droguet,Remy Bertola,1.5,2.46,0.42,153,0.18,1417,2428,58,993,1417,70,531,1011,53,980,2370,41,106,253,42,21,64,33,0,0,0,19,83,4,17,2,20,23,10,3,10,30,6,10,60,360.45,21,12,66,0.2,61,0.4,1138,2025,56,746,1138,66,411,887,46,745,1910,39,76,179,42,11,42,26,0,0,0,8,62,5,38,3,23,13,13,8,13,62,6,7,86,322.31,11,15,119,7,6,6,2,,,,,,,played
Wimbledon - London,18440,2023-06-28T13:00:00.000Z,Tomas Machac,Kaichi Uchida,1.22,4.05,0.36,159,0.19,1763,2895,61,1218,1763,69,585,1132,52,1214,2951,41,133,307,43,24,62,39,0,0,1,23,88,3,12,1,7,26,15,6,14,43,6,13,46,244.1,24,17,83,0.42,150,0.18,1300,2308,56,906,1300,70,497,1008,49,778,2203,35,59,152,39,14,42,33,0,0,0,12,75,4,25,2,12,16,17,6,11,55,10,13,77,268.73,14,19,64,4,6,6,3,6,2,,,,,played
Wimbledon - London,18440,2023-06-28T13:00:00.000Z,Tung-Lin Wu,Denis Kudla,3.84,1.24,0.31,117,0.2,1629,2420,67,1106,1629,68,385,791,49,916,2431,38,88,231,38,16,50,32,0,0,0,13,87,2,13,3,18,15,17,10,14,71,2,9,22,291.31,16,16,74,0.41,143,0.21,1266,2100,60,897,1266,71,453,834,54,792,2217,36,70,180,39,13,48,27,1,50,2,11,85,2,15,3,18,13,17,4,10,40,5,10,50,206.53,14,16,73,3,6,4,6,,,,,,,played
M15 Belgrade,18880,2023-06-28T13:00:00.000Z,Vlad Cristian Breazu,Rrezart Cungu,3.48,1.26,0.06,2,0.16,117,166,70,70,117,60,25,49,51,88,175,50,14,30,47,3,75,4,0,0,0,3,100,0,0,0,0,3,1,0,0,0,0,1,0,0,3,1,5,0.02,7,0.18,1519,2159,70,874,1519,58,310,640,48,1018,2256,45,119,291,41,17,53,32,0,0,0,13,76,4,24,4,27,17,15,7,13,54,3,7,43,219.34,17,15,65,2,6,2,6,,,,,,,played
Wimbledon - London,18440,2023-06-28T13:00:00.000Z,Zizou Bergs,Kimmer Coppejans,1.27,3.58,0.51,206,0.19,1675,2532,66,1192,1675,71,458,857,53,1004,2677,38,83,241,34,20,56,36,0,0,1,17,85,3,15,3,18,20,17,5,10,50,9,14,64,290.59,20,17,77,0.25,100,0.21,1752,2636,66,1144,1752,65,427,884,48,1142,2762,41,120,266,45,17,47,36,0,0,0,11,65,6,35,6,32,17,19,7,16,44,6,11,55,231.22,17,19,86,4,6,6,7,,,,,,,played
M25 Netanya,18871,2023-06-28T13:30:00.000Z,Ben Patael,Joshua Luck,1.195,4.1,0.08,2,0.16,88,151,58,55,88,63,28,63,44,54,144,38,6,11,55,1,33,3,0,0,0,1,100,0,0,0,0,1,2,0,0,0,0,0,0,0,1,2,4,0,0,0.23,121,184,66,72,121,60,33,63,52,93,192,48,11,19,58,4,80,5,0,0,0,5,100,0,0,0,0,5,1,1,1,100,0,0,0,64.17,5,1,12,6,2,6,2,,,,,,,played
M15 Casablanca,18883,2023-06-28T13:30:00.000Z,Carles Hernandez,Mateo Barreiros Reyes,1.66,2.09,0.08,9,0.11,275,407,68,180,275,65,68,132,52,159,392,41,16,39,41,7,70,10,0,0,0,5,83,1,17,2,50,6,4,2,4,50,2,3,67,31.7,7,3,13,0.12,38,0.22,888,1433,62,569,888,64,273,545,50,571,1399,41,61,136,45,19,61,31,0,0,0,18,86,3,14,1,10,21,10,2,7,29,5,6,83,191.65,19,12,70,6,1,4,6,7,5,,,,,played
M15 Alkmaar,18879,2023-06-28T13:30:00.000Z,Deney Wassermann,Guy Den Ouden,2.2,1.6,0.2,55,0.33,1009,1637,62,662,1009,66,313,628,50,725,1682,43,84,177,47,17,71,24,0,0,0,17,89,2,11,1,14,19,7,4,10,40,9,12,75,162.69,17,9,93,0.26,93,0.33,1363,2197,62,951,1363,70,409,834,49,1080,2386,45,131,300,44,26,72,36,0,0,0,22,92,2,8,4,33,24,12,5,7,71,3,7,43,190.22,26,10,117,6,7,5,7,,,,,,,played
M25 Netanya,18871,2023-06-28T13:30:00.000Z,Emile Hudd,Jonathan Baron,1.08,6.45,0.46,45,0.2,297,456,65,222,297,75,76,159,48,168,447,38,11,26,42,5,71,7,0,0,0,5,83,1,17,0,0,6,1,2,4,50,4,5,80,50.14,5,2,20,0.06,11,0.26,242,402,60,150,242,62,53,160,33,152,380,40,17,48,35,9,53,17,0,0,0,7,100,0,0,2,20,7,10,4,6,67,0,0,0,112.35,9,8,50,6,3,6,0,,,,,,,played
M15 Casablanca,18883,2023-06-28T13:30:00.000Z,Leo Borg,Mehdi Benchakroun,1.196,4.1,0.27,84,0.42,1255,2026,62,821,1255,65,356,771,46,800,1990,40,90,212,42,16,55,29,0,0,0,11,92,1,8,5,29,12,17,6,8,75,5,10,50,178.76,16,13,130,0.02,2,0.16,253,390,65,143,253,57,53,137,39,172,393,44,20,44,45,5,50,10,1,100,1,4,100,0,0,2,29,4,7,3,4,75,0,1,0,41.36,6,5,20,6,2,6,2,,,,,,,played
M15 Bergamo,18877,2023-06-28T13:30:00.000Z,Luca Castagnola,Niccolo Catini,1.3,3.22,0.03,12,0.25,1254,1827,69,745,1254,59,258,573,45,803,1798,45,107,208,51,19,51,37,0,0,0,17,77,5,23,2,13,22,16,4,13,31,3,4,75,183.58,19,19,107,0.11,20,0.15,563,802,70,332,563,59,97,239,41,329,798,41,41,74,55,6,35,17,0,0,0,4,50,4,50,2,22,8,9,2,7,29,0,1,0,197,6,11,27,2,6,4,6,,,,,,,played
M15 Bergamo,18877,2023-06-28T13:30:00.000Z,Mariano Kestelboim,Andrea Bacaloni,1.27,3.42,0.15,4,0.22,150,202,74,96,150,64,25,52,48,72,168,43,9,27,33,2,67,3,0,0,0,2,100,0,0,0,0,2,1,0,0,0,0,0,0,443,2,1,6,0.08,20,0.29,943,1422,66,527,943,56,222,479,46,660,1455,45,83,162,51,12,57,21,1,100,1,9,90,1,10,4,31,10,13,7,10,70,5,6,83,250.04,14,9,72,6,4,6,1,,,,,,,played
M15 Kamen,18881,2023-06-28T13:30:00.000Z,Matyas Cerny,Marcel Zielinski,2.94,1.35,0.06,10,0.04,282,418,67,178,282,63,60,136,44,171,425,40,18,49,37,10,63,16,0,0,0,10,91,1,9,1,14,11,7,2,5,40,0,1,0,59.22,11,7,7,0.05,14,0.15,977,1581,62,596,977,61,313,604,52,746,1549,48,110,219,50,20,71,28,0,0,0,16,94,1,6,4,36,17,11,5,7,71,4,7,57,129.96,20,8,42,6,4,6,4,,,,,,,played
M15 Kamen,18881,2023-06-28T13:30:00.000Z,Niklas Schell,Robin Sanz,1.149,4.75,0.23,53,0.36,1055,1525,69,689,1055,65,233,470,50,493,1448,34,41,108,38,6,32,19,0,0,0,3,43,4,57,3,25,7,12,4,9,44,3,9,33,253.42,6,13,82,0,0,0,0,0,0,0,0,0,0,0,0,0,0,0,0,0,0,0,0,0,0,0,0,0,0,0,0,0,0,0,0,0,0,0,0,0,0,0,0,0,0,6,4,6,7,6,3,,,,,played
M15 Kamen,18881,2023-06-28T13:30:00.000Z,Piet Steveker,Hazem Naow,,,0.13,7,0.15,95,154,62,67,95,71,20,59,34,68,160,43,9,16,56,2,50,4,0,0,0,1,100,0,0,1,33,1,3,2,2,100,0,1,0,0,2,2,8,0.08,30,0.26,1727,2347,74,1077,1727,62,281,620,45,1089,2342,46,154,315,49,22,69,32,2,100,2,19,83,4,17,5,42,23,12,6,12,50,4,8,50,184.03,24,11,94,3,6,1,6,,,,,,,played
M15 Alkmaar,18879,2023-06-28T13:30:00.000Z,Ryan Nijboer,Nicolas Kobelt,1.188,4.2,0.08,32,0.34,1509,2217,68,984,1509,65,307,708,43,1017,2266,45,132,289,46,22,59,37,0,0,0,19,100,0,0,3,17,19,18,8,13,62,4,8,50,157.38,22,15,131,0.31,69,0.29,803,1301,62,531,803,66,219,498,44,494,1316,38,44,122,36,7,37,19,0,0,0,6,75,2,25,1,9,8,11,3,8,38,2,6,33,191.58,7,12,66,6,2,6,1,,,,,,,played
M15 Alkmaar,18879,2023-06-28T13:30:00.000Z,Stijn Slump,Sidane Pontjodikromo,2.53,1.46,0,0,0,0,0,0,0,0,0,0,0,0,0,0,0,0,0,0,0,0,0,0,0,0,0,0,0,0,0,0,0,0,0,0,0,0,0,0,0,0,0,0,0.15,53,0.34,1261,2121,59,773,1261,61,406,860,47,914,2047,45,118,250,47,21,64,33,0,0,0,15,94,1,6,6,33,16,18,10,12,83,7,10,70,200.03,22,12,124,6,3,4,6,3,6,,,,,played
M15 Casablanca,18883,2023-06-28T13:30:00.000Z,Walid Ahouda,Max Alcala Gurri,2.88,1.363,0.24,24,0.47,302,635,48,194,302,64,163,333,49,288,664,43,36,78,46,6,60,10,0,0,0,4,100,0,0,2,33,4,6,2,3,67,1,2,50,136.7,6,4,47,0.03,12,0.59,1392,2103,66,831,1392,60,276,711,39,981,2058,48,139,285,49,21,57,37,0,0,0,21,81,5,19,2,15,26,13,4,9,44,3,5,60,190.05,23,16,209,6,3,6,4,,,,,,,played
M15 Celje,18878,2023-06-28T14:00:00.000Z,Blaz Rola,Martin Krumich,1.36,2.9,0.37,72,0.19,791,1241,64,540,791,68,226,450,50,546,1296,42,54,155,35,13,72,18,0,0,0,9,82,2,18,4,57,11,7,5,7,71,1,4,25,182.89,13,5,37,0.21,9,0.33,166,304,55,100,166,60,70,138,51,124,305,41,12,36,33,2,40,5,0,0,0,2,100,0,0,0,0,2,3,0,0,0,0,1,0,320.4,2,3,14,7,5,6,7,6,4,,,,,played
M15 Wroclaw,18884,2023-06-28T14:00:00.000Z,Filip Kosinski,Brandon Walkin,9,1.031,0,0,0,0,0,0,0,0,0,0,0,0,0,0,0,0,0,0,0,0,0,0,0,0,0,0,0,0,0,0,0,0,0,0,0,0,0,0,0,0,0,0,0.42,113,0.13,1035,1540,67,724,1035,70,261,505,52,615,1629,38,53,137,39,14,54,26,0,0,0,12,86,2,14,2,15,14,13,4,6,67,4,9,44,166.96,14,13,34,2,6,0,6,,,,,,,played
M15 Wroclaw,18884,2023-06-28T14:00:00.000Z,Georgii Kravchenko,Michael Agwi,1.138,4.95,0.31,99,0.29,1276,2089,61,829,1276,65,400,813,49,841,2057,41,97,213,46,13,43,30,0,0,0,14,78,4,22,0,0,18,13,2,8,25,3,10,30,300.1,14,17,93,0.09,10,0.13,129,234,55,78,129,60,43,105,41,95,237,40,9,30,30,8,67,12,0,0,0,7,88,1,13,1,25,8,4,1,2,50,1,1,100,178.67,8,4,14,2,6,6,7,,,,,,,played
M15 Wroclaw,18884,2023-06-28T14:00:00.000Z,Goncalo Oliveira,Daniel Paty,1.068,6.95,0.22,126,0.25,2556,3694,69,1741,2556,68,597,1138,52,1600,3580,45,210,418,50,45,79,57,0,0,0,41,100,0,0,4,21,41,19,7,9,78,12,18,67,336.55,45,15,141,0.22,73,0.08,429,747,57,318,429,74,162,318,51,285,755,38,30,75,40,16,59,27,0,0,0,13,81,3,19,3,27,16,11,5,10,50,3,8,38,33.93,16,11,26,6,4,6,3,,,,,,,played
M15 Wroclaw,18884,2023-06-28T14:00:00.000Z,Olaf Pieczkowski,Filip Duda,1.27,3.42,0.24,43,0.33,706,1204,59,467,706,66,212,497,43,491,1166,42,59,120,49,10,50,20,0,0,0,9,100,0,0,1,9,9,11,2,3,67,1,5,20,264.2,10,10,59,0.13,15,0.19,231,349,66,149,231,65,57,118,48,106,295,36,10,20,50,4,40,10,0,0,0,5,83,1,17,0,0,6,6,0,2,0,1,2,50,0,5,7,22,6,2,6,2,,,,,,,played
Wimbledon - London,18440,2023-06-28T14:30:00.000Z,Aleksandar Kovacevic,Jesper De Jong,1.82,1.94,0.72,314,0.22,1667,2791,60,1257,1667,75,570,1124,51,980,2779,35,77,210,37,19,58,33,0,0,1,14,88,2,13,5,28,16,18,10,17,59,12,23,52,206.76,19,15,96,0.37,199,0.22,2223,3587,62,1532,2223,69,714,1364,52,1625,3566,46,206,428,48,39,72,54,0,0,0,37,90,4,10,4,27,41,15,7,14,50,3,7,43,297,41,15,116,7,6,6,4,,,,,,,played
Wimbledon - London,18440,2023-06-28T14:30:00.000Z,Billy Harris,Hugo Gaston,2.35,1.56,0.29,119,0.28,1638,2710,60,1133,1638,69,526,1072,49,1147,2807,41,120,263,46,21,57,37,0,0,0,15,88,2,12,6,29,17,21,10,14,71,5,13,38,340.66,21,17,118,0.3,112,0.23,1224,2424,50,825,1224,67,594,1200,50,982,2414,41,107,244,44,16,48,33,0,0,1,14,88,2,13,3,16,16,19,6,8,75,6,11,55,210.69,17,18,87,2,6,7,6,6,4,,,,,played
Wimbledon - London,18440,2023-06-28T14:30:00.000Z,Charles Broom,Dennis Novak,2.97,1.37,0.57,237,0.29,1639,2609,63,1175,1639,72,486,970,50,1113,2867,39,99,278,36,17,49,35,0,0,0,14,70,6,30,3,20,20,15,7,16,44,9,21,43,304.57,17,18,120,0.32,104,0.15,1291,2056,63,897,1291,69,400,765,52,917,2190,42,103,226,46,19,68,28,0,0,0,17,89,2,11,3,30,19,10,8,14,57,3,7,43,339.66,19,10,48,3,6,4,6,,,,,,,played
Mallorca Championships - Mallorca,18438,2023-06-28T14:30:00.000Z,Christopher Eubanks,Ben Shelton,2.17,1.69,0.82,452,0.22,2307,3381,68,1724,2307,75,578,1074,54,1050,3275,32,73,204,36,24,63,38,1,33,3,17,81,3,14,8,38,21,21,15,20,75,17,28,61,139.38,26,16,123,0.66,252,0.33,1479,2418,61,1118,1479,76,478,939,51,677,2195,31,57,129,44,7,33,21,4,67,6,9,69,4,31,2,14,13,14,3,12,25,10,16,63,103.63,11,16,126,6,7,6,4,7,6,,,,,played
Wimbledon - London,18440,2023-06-28T14:30:00.000Z,Dominic Stricker,Juan Pablo Ficovich,1.155,5,0.67,249,0.25,1385,2394,58,1023,1385,74,528,1009,52,961,2498,38,94,245,38,23,74,31,0,0,1,18,90,2,10,5,38,20,13,8,13,62,10,15,67,237.79,23,10,93,0.39,100,0.27,1037,1644,63,736,1037,71,305,607,50,547,1641,33,38,118,32,9,39,23,0,0,0,7,88,1,13,2,13,8,15,5,7,71,3,12,25,302.96,9,14,69,6,4,6,3,,,,,,,played
Wimbledon - London,18440,2023-06-28T14:30:00.000Z,Hamad Medjedovic,Ricardas Berankis,1.83,1.93,0.61,259,0.4,1643,2725,60,1191,1643,72,519,1082,48,1005,2582,39,110,247,45,25,68,37,0,0,1,22,88,3,12,3,23,25,13,10,14,71,3,12,25,286.11,25,13,171,0.26,98,0.27,1423,2403,59,991,1423,70,495,980,51,997,2426,41,115,255,45,21,64,33,0,0,0,16,94,1,6,5,31,17,16,9,14,64,7,11,64,229.06,21,12,101,7,6,6,7,6,4,,,,,played
Wimbledon - London,18440,2023-06-28T14:30:00.000Z,Hyeon Chung,Enzo Couacaud,3.18,1.33,0.22,12,0.51,206,352,59,139,206,67,63,146,43,107,342,31,7,22,32,1,20,5,0,0,0,1,100,0,0,0,0,1,5,1,2,50,1,1,100,171.33,1,5,28,0.48,172,0.24,1322,2317,57,942,1322,71,486,995,49,926,2394,39,87,209,42,15,54,28,1,50,2,13,81,3,19,4,27,16,15,8,11,73,8,13,62,256.84,17,14,87,1,6,0,2,,,,,,,played
Wimbledon - London,18440,2023-06-28T14:30:00.000Z,Jurij Rodionov,Gijs Brouwer,1.39,2.88,0.44,226,0.23,2028,3386,60,1452,2028,72,668,1358,49,1259,3316,38,120,305,39,27,63,43,0,0,1,20,83,4,17,8,38,24,21,12,21,57,10,14,71,272.89,28,17,118,0.43,140,0.22,1380,2043,68,970,1380,70,332,663,50,748,2122,35,58,174,33,11,37,30,0,0,0,9,64,5,36,2,13,14,16,2,8,25,2,10,20,214.07,11,19,70,5,7,3,6,,,,,,,played
Wimbledon - London,18440,2023-06-28T14:30:00.000Z,Leandro Riedi,Oscar Otte,2.23,1.62,0.39,87,0.31,947,1544,61,656,947,69,311,597,52,535,1459,37,47,133,35,12,60,20,0,0,0,9,82,2,18,3,33,11,9,5,7,71,6,8,75,174.5,12,8,69,0.71,213,0.37,1045,1927,54,787,1045,75,411,882,47,692,1936,36,52,174,30,7,32,22,0,0,3,7,70,3,30,0,0,10,15,2,7,29,4,10,40,176.32,7,18,110,3,6,6,3,3,6,,,,,played
Rothesay International - Eastbourne,18439,2023-06-28T14:30:00.000Z,Liam Broady,Mikael Ymer,2.83,1.43,0.4,148,0.23,1377,2354,58,1000,1377,73,527,977,54,1030,2484,41,113,253,45,23,66,35,0,0,0,19,86,3,14,4,29,22,14,5,11,45,5,9,56,258.17,23,13,85,0.18,75,0.23,1965,2795,70,1267,1965,64,411,830,50,1052,2650,40,111,258,43,20,63,32,0,0,2,16,89,2,11,5,26,18,19,8,12,67,3,8,38,167.86,21,16,92,2,6,4,6,,,,,,,played
Wimbledon - London,18440,2023-06-28T14:30:00.000Z,Lukas Klein,Shintaro Mochizuki,1.46,2.62,0.34,136,0.23,1673,2560,65,1139,1673,68,442,887,50,1021,2607,39,102,267,38,15,45,33,0,0,0,13,68,6,32,2,14,19,14,6,17,35,5,11,45,281.45,15,18,93,0.18,91,0.3,1968,3401,58,1303,1968,66,695,1433,48,1497,3547,42,170,376,45,28,60,47,0,0,0,23,92,2,8,5,23,25,22,10,17,59,9,13,69,326.66,28,19,151,7,6,3,6,2,6,,,,,played
Wimbledon - London,18440,2023-06-28T14:30:00.000Z,Pierre-Hugues Herbert,Thiago Seyboth Wild,1.73,2.05,0.57,116,0.38,764,1332,57,552,764,72,279,568,49,441,1286,34,36,87,41,9,50,18,0,0,0,6,86,1,14,4,33,7,12,4,5,80,5,9,56,295.89,10,9,77,0.34,192,0.25,2264,3664,62,1623,2264,72,762,1400,54,1642,3822,43,178,401,44,37,79,47,2,67,3,36,86,6,14,3,38,42,8,10,18,56,11,17,65,253.32,39,11,138,5,7,6,7,,,,,,,played
Wimbledon - London,18440,2023-06-28T14:30:00.000Z,Raphael Collignon,Mattia Bellucci,2.5,1.5,0.24,82,0.27,1342,2162,62,892,1342,66,392,820,48,951,2259,42,109,238,46,14,50,28,0,0,0,11,65,6,35,4,33,17,12,6,14,43,4,10,40,233.07,15,14,92,0.47,142,0.29,1120,1886,59,793,1120,71,367,766,48,692,1955,35,52,155,34,10,36,28,0,0,1,8,73,3,27,2,11,11,18,3,5,60,3,9,33,265.1,10,19,88,4,6,4,6,,,,,,,played
Wimbledon - London,18440,2023-06-28T14:30:00.000Z,Rinky Hijikata,Tomas Barrios Vera,1.31,3.3,0.31,158,0.25,1995,3386,59,1418,1995,71,701,1391,50,1283,3340,38,124,325,38,24,57,42,1,50,2,20,71,8,29,5,31,28,16,5,15,33,11,18,61,251.61,25,19,127,0.17,99,0.19,2396,3804,63,1579,2396,66,697,1408,50,1636,3803,43,200,439,46,36,69,52,0,0,0,29,85,5,15,7,39,34,18,12,20,60,10,12,83,249.46,36,16,110,6,7,6,7,,,,,,,played
Wimbledon - London,18440,2023-06-28T14:30:00.000Z,Rio Noguchi,Otto Virtanen,3.84,1.24,0.11,25,0.24,934,1518,62,607,934,65,270,584,46,579,1523,38,58,141,41,8,35,23,0,0,0,6,86,1,14,2,13,7,16,2,6,33,2,5,40,336.96,8,15,56,0.67,294,0.31,1645,2782,59,1217,1645,74,560,1137,49,1056,2863,37,94,296,32,19,53,36,0,0,0,17,74,6,26,3,20,23,15,5,16,31,9,16,56,266.71,20,18,133,3,6,3,6,,,,,,,played
Modena Challenger,18819,2023-06-28T14:30:00.000Z,Stefano Travaglia,Maks Kasnikowski,1.46,2.57,0.39,218,0.1,2079,3488,60,1447,2079,70,735,1409,52,1580,3794,42,177,406,44,30,59,51,0,0,0,27,84,5,16,6,27,32,22,7,16,44,10,19,53,327.83,33,21,55,0.3,131,0.17,1552,2712,57,1107,1552,71,604,1160,52,1201,2873,42,133,276,48,27,71,38,0,0,0,22,88,3,12,5,38,25,13,8,12,67,9,19,47,250.16,27,11,76,2,6,6,7,,,,,,,played
Wimbledon - London,18440,2023-06-28T14:30:00.000Z,Yosuke Watanuki,Altug Celikbilek,1.25,3.75,0.89,401,0.34,1548,2802,55,1213,1548,78,631,1254,50,1131,2956,38,104,266,39,22,65,34,1,50,2,18,82,4,18,6,40,22,15,8,13,62,11,21,52,210.05,24,13,151,0.6,148,0.27,923,1584,58,651,923,71,315,661,48,585,1522,38,62,134,46,11,46,24,0,0,0,11,79,3,21,0,0,14,10,2,5,40,2,4,50,250.29,11,13,67,7,6,6,3,,,,,,,played
Wimbledon - London,18440,2023-06-28T14:30:00.000Z,Zachary Svajda,Marc Polmans,1.94,1.82,0.38,140,0.16,1379,2205,63,955,1379,69,446,826,54,810,2124,38,91,176,52,22,59,37,0,0,0,20,100,0,0,2,12,20,17,5,8,63,4,12,33,210.57,22,15,60,0.34,171,0.22,1974,3005,66,1350,1974,68,526,1031,51,1170,2965,39,129,279,46,27,61,44,0,0,0,25,78,7,22,2,17,32,12,6,16,38,9,13,69,273.93,27,17,109,6,4,3,6,3,6,,,,,played
Wimbledon - London,18440,2023-06-28T14:30:00.000Z,Zsombor Piros,Pablo Llamas Ruiz,1.43,2.72,0.34,175,0.22,2011,3466,58,1366,2011,68,764,1455,53,1268,3284,39,142,304,47,29,64,45,0,0,0,23,88,3,12,7,35,26,20,10,18,56,11,20,55,323.09,30,17,116,0.17,79,0.12,2145,3088,69,1444,2145,67,482,943,51,1352,3091,44,165,386,43,32,73,44,0,0,0,30,88,4,12,4,33,34,12,7,13,54,11,15,73,303.59,34,12,56,6,4,7,6,,,,,,,played
M25 Bakio,18874,2023-06-28T15:00:00.000Z,Antonio Prat,Alvaro Lopez San Martin,8.4,1.04,0.16,19,0.14,275,472,58,178,275,65,95,197,48,194,433,45,22,52,42,8,73,11,0,0,0,7,100,0,0,1,25,7,4,2,3,67,0,3,0,56.82,8,3,17,0.29,148,0.21,2222,3402,65,1478,2222,67,563,1180,48,1595,3623,44,185,440,42,30,60,50,0,0,0,26,90,3,10,4,18,29,22,8,13,62,7,16,44,303.65,30,21,107,6,3,4,6,6,2,,,,,played
M15 Bergamo,18877,2023-06-28T15:00:00.000Z,Baran Soyler,Giorgio Tabacco,7.8,1.051,0.07,3,0.33,157,252,62,93,157,59,37,95,39,112,238,47,14,23,61,2,67,3,0,0,0,1,50,1,50,1,100,2,1,1,2,50,1,1,100,0,2,1,15,0.26,70,0.26,1015,1705,60,684,1015,67,314,690,46,730,1797,41,76,167,46,10,45,22,0,0,0,7,70,3,30,3,25,10,12,5,9,56,4,13,31,368.45,10,12,68,4,6,3,6,,,,,,,played
M15 Alkmaar,18879,2023-06-28T15:00:00.000Z,Brian Bozemoj,Lewie Lane,3.74,1.23,0.06,8,0.08,177,280,63,112,177,63,45,103,44,119,266,45,16,28,57,8,62,13,0,0,0,8,100,0,0,0,0,8,6,2,3,67,0,1,0,0,9,5,11,0.25,86,0.17,866,1474,59,597,866,69,304,608,50,576,1421,41,64,143,45,19,66,29,0,0,0,16,80,4,20,3,30,20,10,6,10,60,5,9,56,110.13,19,11,58,6,4,6,2,,,,,,,played
M15 Casablanca,18883,2023-06-28T15:00:00.000Z,Diego Fernandez Flores,Gabriele Pennaforti,2.26,1.57,0.15,29,0.15,705,1062,66,459,705,65,191,357,54,443,1088,41,52,139,37,12,57,21,0,0,0,11,92,1,8,1,11,12,9,1,3,33,1,2,50,286.71,12,9,30,0.13,36,0.37,947,1518,62,647,947,68,277,571,49,708,1596,44,86,201,43,17,59,29,0,0,0,15,94,1,6,2,15,16,13,2,5,40,1,4,25,113.72,17,12,105,1,6,1,6,,,,,,,played
M15 Casablanca,18883,2023-06-28T15:00:00.000Z,Enrique Bogo,Nikos Lehmann,2.34,1.53,0.05,10,0.03,174,266,65,108,174,62,46,92,50,107,250,43,13,25,52,7,37,19,0,0,0,6,86,1,14,1,8,7,12,3,4,75,3,7,43,82.74,7,12,6,0.02,3,0.07,175,258,68,95,175,54,31,83,37,120,271,44,14,40,35,8,62,13,0,0,0,8,89,1,11,0,0,9,4,2,4,50,0,1,0,0,8,5,10,3,6,5,7,,,,,,,played
M15 Casablanca,18883,2023-06-28T15:00:00.000Z,Jorge Martinez Martinez,Yassine Dlimi,2.14,1.63,0.1,30,0.28,1181,1915,62,727,1181,62,364,734,50,871,1891,46,116,223,52,16,59,27,0,0,0,13,100,0,0,3,20,13,15,6,11,55,2,3,67,251.82,16,12,79,0.33,69,0.19,829,1300,64,564,829,68,217,471,46,603,1297,46,85,166,51,17,81,21,0,0,0,14,100,0,0,3,43,14,7,6,7,86,2,3,67,279.86,17,4,40,5,7,1,6,,,,,,,played
M15 Casablanca,18883,2023-06-28T15:00:00.000Z,Juan Estevez,Mehdi Sadaoui,2.08,1.67,0,1,0.05,260,386,67,150,260,58,57,126,45,146,333,44,16,40,40,15,63,24,0,0,0,13,87,2,13,2,22,15,9,5,8,63,2,5,40,0,15,9,12,0.12,22,0.11,484,710,68,290,484,60,102,226,45,265,687,39,27,76,36,5,33,15,0,0,0,3,50,3,50,2,22,6,9,2,7,29,4,4,100,92.4,5,10,20,6,3,6,3,,,,,,,played
M15 Alkmaar,18879,2023-06-28T15:00:00.000Z,Karl Friberg,Roland Stuurman,1.134,5.05,0.26,123,0.17,1913,3000,64,1297,1913,68,546,1087,50,1320,3178,42,146,340,43,28,61,46,0,0,0,28,97,1,3,0,0,29,17,9,11,82,7,11,64,222.3,28,18,78,0.17,37,0.08,380,573,66,245,380,64,99,193,51,199,569,35,17,45,38,11,55,20,0,0,0,9,100,0,0,2,18,9,11,3,6,50,0,4,0,96.7,11,9,19,6,2,6,2,,,,,,,played
M25 Arlon,18873,2023-06-28T15:00:00.000Z,Louis Van Herck,Raphael Calzi,2.24,1.58,0,0,0,0,0,0,0,0,0,0,0,0,0,0,0,0,0,0,0,0,1,0,0,0,0,0,0,0,0,0,0,1,0,1,0,0,0,0,0,0,1,0,0.11,40,0.13,563,950,59,373,563,66,191,387,49,385,922,42,45,93,48,16,53,30,0,0,0,13,76,4,24,3,23,17,13,5,10,50,2,6,33,97.03,16,14,46,6,2,2,6,1,6,,,,,played
M15 Alkmaar,18879,2023-06-28T15:00:00.000Z,Luke Simkiss,Florian Broska,5.6,1.109,0.32,24,0.19,295,466,63,193,295,65,87,171,51,143,420,34,12,26,46,3,43,7,0,0,0,3,75,1,25,0,0,4,3,0,1,0,1,2,50,240.86,3,4,14,0.23,81,0.18,1181,1864,63,833,1181,71,335,683,49,856,2066,41,87,228,38,24,69,35,0,0,0,20,95,1,5,4,29,21,14,5,8,63,7,10,70,157.91,24,11,63,6,7,6,4,7,6,,,,,played
M25 Arlon,18873,2023-06-28T15:00:00.000Z,Olivier Rojas,Sandro Kopp,3.74,1.23,0.1,13,0.12,246,415,59,154,246,63,78,169,46,144,374,39,15,28,54,7,54,13,0,0,0,7,100,0,0,0,0,7,6,1,1,100,1,2,50,36.69,7,6,15,0.39,115,0.16,1338,1964,68,889,1338,66,305,626,49,688,1880,37,62,145,43,9,38,24,0,0,0,7,58,5,42,2,15,12,13,2,10,20,9,16,56,198.88,10,15,46,2,6,3,6,,,,,,,played
M25 Bakio,18874,2023-06-28T15:00:00.000Z,Oscar Jose Gutierrez,Stefanos Sakellaridis,2.99,1.34,0.14,46,0.3,1356,2149,63,799,1356,59,365,793,46,860,2095,41,94,234,40,9,31,29,1,100,1,7,54,6,46,3,17,13,18,2,12,17,3,5,60,271.61,10,21,99,0.35,272,0.2,2575,4425,58,1754,2575,68,927,1850,50,1900,4531,42,212,499,42,45,65,69,0,0,0,37,86,6,14,10,34,43,29,18,27,67,14,24,58,216.75,47,25,158,3,6,3,6,,,,,,,played
M15 Alkmaar,18879,2023-06-28T15:00:00.000Z,Stijn Pel,Elmer Moller,7.3,1.06,0.18,34,0.18,367,638,58,251,367,68,150,271,55,231,632,37,22,49,45,12,60,20,0,0,0,12,92,1,8,0,0,13,7,0,1,0,2,4,50,59.95,12,8,34,0.09,26,0.33,1131,1649,69,741,1131,66,252,518,49,858,1791,48,119,236,50,20,74,27,0,0,0,17,94,1,6,4,36,18,11,5,8,63,3,5,60,196.52,21,8,94,7,6,2,6,1,6,,,,,played
M25 Arlon,18873,2023-06-28T15:00:00.000Z,Valentin Royer,Harold Huens,1.01,11,0.46,137,0.23,1163,1917,61,857,1163,74,409,754,54,832,2011,41,94,214,44,21,75,28,0,0,0,19,95,1,5,3,33,20,9,5,9,56,8,10,80,275.41,22,7,69,0,0,0.08,75,93,81,49,75,65,11,18,61,63,108,58,11,23,48,2,67,3,0,0,0,2,100,0,0,0,0,2,1,0,0,0,0,0,0,0,2,1,2,6,1,6,1,,,,,,,played
M15 Kamen,18881,2023-06-28T15:00:00.000Z,Yannik Kelm,Dominik Boehler,4.25,1.184,0.19,3,0.63,55,113,49,32,55,58,22,58,38,36,114,32,1,10,10,0,0,2,0,0,0,0,0,0,0,0,0,0,2,0,0,0,0,0,0,211.5,0,2,10,0.28,26,0.16,280,518,54,171,280,61,108,238,45,206,549,38,18,50,36,2,20,10,0,0,0,2,100,0,0,0,0,2,8,0,1,0,1,1,100,157.2,2,8,15,6,3,6,3,,,,,,,played
Modena Challenger,18819,2023-06-28T16:00:00.000Z,Daniel Michalski,Emilio Nava,1.77,1.97,0.17,64,0.23,1519,2366,64,1003,1519,66,435,847,51,1074,2503,43,125,280,45,25,66,38,0,0,0,20,95,1,5,5,28,21,18,7,9,78,5,6,83,278.05,25,14,86,0.46,184,0.26,1608,2602,62,1112,1608,69,485,994,49,860,2472,35,73,190,38,16,48,33,0,0,1,12,80,3,20,4,21,15,19,10,14,71,9,20,45,233.03,16,18,104,2,6,2,6,,,,,,,played
